INSERT INTO teachers VALUES 
	('87070574060', 'Małgorzata', 'Sobczak'), 
	('76072375427', 'Cecylia', 'Czarnecka'), 
	('73061183812', 'Klimek', 'Wysocki'), 
	('74050302443', 'Celestyna', 'Rutkowska'), 
	('61032129585', 'Brygida', 'Dąbrowski'), 
	('67071512290', 'Zbigniew', 'Maciejewski'), 
	('76112551879', 'Korneli', 'Nowak'), 
	('77010731828', 'Sławomira', 'Duda'), 
	('89110913503', 'Felicyta', 'Rutkowska'), 
	('87092051509', 'Mirosława', 'Szczepańska'), 
	('51101263344', 'Serafina', 'Adamska'), 
	('84051477826', 'Wiktoria', 'Wieczorek'), 
	('61011774517', 'Hainrich', 'Piotrowski'), 
	('57032529241', 'Izabella', 'Kowalska'), 
	('89062161166', 'Łucja', 'Nowakowska'), 
	('72021163839', 'Jerzy', 'Walczak'), 
	('51071079169', 'Patrycja', 'Kowalska'), 
	('79090588200', 'Gabrysia', 'Czarnecka'), 
	('78021970820', 'Edyta', 'Czerwińska'), 
	('57120819205', 'Klementyna', 'Wieczorek'), 
	('72010191942', 'Maryla', 'Pawlak'), 
	('57110588357', 'Idzi', 'Adamski'), 
	('70101055159', 'Bratumił', 'Olszewski'), 
	('56062947065', 'Dobrosława', 'Pawłowska'), 
	('85121243130', 'Frydryk', 'Duda'), 
	('66122589427', 'Ewa', 'Majewska'), 
	('83092960001', 'Adelajda', 'Wojciechowska'), 
	('51080761244', 'Irenka', 'Michalska'), 
	('67051427886', 'Jowita', 'Pawłowska'), 
	('51080969116', 'Krzysztof', 'Kwiatkowski'), 
	('66102319994', 'Grzegorz', 'Szczepański'), 
	('66121403155', 'Alojzy', 'Pawlak'), 
	('53082309880', 'Dominika', 'Olszewska'), 
	('85011114391', 'Felicjan', 'Piotrowski'), 
	('79110246996', 'Izydor', 'Kowalski'), 
	('50111313661', 'Tekla', 'Kamińska'), 
	('83073107438', 'Frydrych', 'Wieczorek'), 
	('56030273299', 'Rafał', 'Jasiński'), 
	('64080105293', 'Jacek', 'Zawadzki'), 
	('87080618569', 'Wiga', 'Górska'), 
	('69081380931', 'Maksymilian', 'Wojciechowski'), 
	('57111145377', 'Julek', 'Woźniak'), 
	('51050497276', 'Amadeusz', 'Jabłoński'), 
	('62050737831', 'Władysław', 'Kalinowski'), 
	('87091031504', 'Mieczysława', 'Borkowska'), 
	('77042670403', 'Apolonia', 'Pawłowska'), 
	('51010468441', 'Wiktoria', 'Gorska'), 
	('86092618240', 'Patrycja', 'Olszewska'), 
	('81120810829', 'Michalina', 'Dąbrowski'), 
	('55041667321', 'Franciszka', 'Michalska'), 
	('73031585260', 'Malina', 'Nowak'), 
	('66011676364', 'Lucyna', 'Walczak'), 
	('51050577291', 'Borys', 'Kucharski'), 
	('58041361875', 'Krystyn', 'Dąbrowski'), 
	('74010464828', 'Julita', 'Dudek'), 
	('52020692323', 'Klaudia', 'Chmielewska'), 
	('71052534308', 'Julitta', 'Kozłowska'), 
	('50082696150', 'Marceli', 'Zawadzki'), 
	('65020649721', 'Marcelina', 'Jasińska'), 
	('80091807850', 'Stanisław', 'Adamski'), 
	('87051750009', 'Kaja', 'Grabowska'), 
	('59120840681', 'Karina', 'Walczak'), 
	('59122356232', 'Apolinary', 'Adamski'), 
	('62082501260', 'Blanka', 'Walczak'), 
	('75081450992', 'Zdzisław', 'Ostrowski'), 
	('76050125862', 'Julita', 'Czerwinska'), 
	('54090885175', 'Świętosław', 'Sobczak'), 
	('56112266625', 'Aniela', 'Nowak'), 
	('77072384020', 'Walentyna', 'Dudek'), 
	('57120592348', 'Krysia', 'Czarnecka'), 
	('72051441316', 'Iwan', 'Nowakowski'), 
	('75112626110', 'Jakub', 'Sobczak'), 
	('88122577776', 'Włodzisław', 'Kwiatkowski'), 
	('64041339165', 'Ela', 'Zielinska'), 
	('55013135283', 'Wisia', 'Ostrowska'), 
	('71041058495', 'Longin', 'Grabowski'), 
	('51111047240', 'Felicja', 'Zielinska'), 
	('59010735552', 'Tomasz', 'Jasiński'), 
	('61111910574', 'Witold', 'Kaczmarek'), 
	('71050714056', 'Lechosław', 'Kaczmarek'), 
	('79102250693', 'Amadej', 'Jasiński'), 
	('69040567674', 'Urjasz', 'Kaczmarek'), 
	('51121629867', 'Róża', 'Kalinowska'), 
	('77030425028', 'Kinga', 'Michalska'), 
	('65080929920', 'Zofia', 'Adamczyk'), 
	('87020879764', 'Krystyna', 'Nowicka'), 
	('53052554812', 'Przemek', 'Zielinski'), 
	('73010418028', 'Henryka', 'Wiśniewska'), 
	('54111471686', 'Halina', 'Kwiatkowska'), 
	('79122145249', 'Edyta', 'Maciejewska'), 
	('57111360525', 'Apolonia', 'Kaczmarek'), 
	('88103034988', 'Malina', 'Wojciechowska'), 
	('87111062950', 'Krzyś', 'Wiśniewski'), 
	('86021820724', 'Wisia', 'Adamska'), 
	('79112939399', 'Szymon', 'Piotrowski'), 
	('80012823853', 'Wojtek', 'Chmielewski'), 
	('88092201376', 'Sławomir', 'Adamczyk'), 
	('54040257737', 'Gabryjel', 'Sawicki'), 
	('55122644575', 'Świętosław', 'Nowak'), 
	('81032333966', 'Tekla', 'Adamczyk');
INSERT INTO classrooms (name, administrator) VALUES 
	('009', '56062947065'), 
	('010', '76112551879'), 
	('110', '50111313661'), 
	('111', '57032529241'), 
	('112', '73061183812'), 
	('113', '72010191942'), 
	('115', '51101263344'), 
	('116', '51080969116'), 
	('120', '51071079169'), 
	('120 A', '79110246996'), 
	('120 B', '69081380931'), 
	('121', '89110913503'), 
	('122', '87070574060'), 
	('125', '66122589427'), 
	('201', '84051477826'), 
	('202', '53082309880'), 
	('203', '77010731828'), 
	('205', '66121403155'), 
	('206', '76072375427'), 
	('208', '87080618569'), 
	('210', '85011114391'), 
	('210', '57110588357'), 
	('213', '51080761244'), 
	('215', '74050302443'), 
	('217', '83073107438'), 
	('220', '56030273299'), 
	('221', '78021970820'), 
	('222', '87092051509'), 
	('223', '66102319994'), 
	('225', '70101055159'), 
	('227', '72021163839'), 
	('227 I', '61011774517'), 
	('227 II', '89062161166'), 
	('302', '67051427886'), 
	('305', '61032129585'), 
	('306', '64080105293'), 
	('307', '85121243130'), 
	('308', '79090588200'), 
	('310', '67071512290'), 
	('313', '83092960001'), 
	('315', '57120819205'), 
	('Aula A', '57111145377'), 
	('Aula B', '51050497276'), 
	('Aula C', '62050737831'), 
	('404', '87091031504');
INSERT INTO days (name) VALUES 
	('Poniedziałek'), 
	('Wtorek'), 
	('Środa'), 
	('Czwartek'), 
	('Piątek');
INSERT INTO hours (hour) VALUES 
	('07:30:00'), 
	('08:30:00'), 
	('09:30:00'), 
	('10:30:00'), 
	('11:45:00'), 
	('12:45:00'), 
	('13:45:00'), 
	('14:45:00');
INSERT INTO subjects (name) VALUES 
	('Język polski'), 
	('Język angielski'), 
	('Język francuski'), 
	('Język hiszpański'), 
	('Język niemiecki'), 
	('Matematyka'), 
	('Informatyka'), 
	('Fizyka i Astronomia'), 
	('Chemia'), 
	('Geografia'), 
	('Biologia'), 
	('Technika'), 
	('Historia'), 
	('Wiedza o Społeczeństwie'), 
	('Edukacja Europejska'), 
	('Podstawy Przedsiębiorczości'), 
	('Wiedza o Kulturze'), 
	('Wychowanie Fizyczne'), 
	('Religia'), 
	('Etyka');
INSERT INTO classes (year, code_name, tutor) VALUES 
	(1, 'A', '74050302443'), 
	(1, 'B', '72021163839'), 
	(2, 'A', '72010191942'), 
	(2, 'B', '66102319994'), 
	(3, NULL, '50111313661');
INSERT INTO students VALUES 
	('00210100660', 'Róża', 'Adamska', 1), 
	('00210108385', 'Agnieszka', 'Sobczak', 1), 
	('00210116362', 'Matylda', 'Duda', 1), 
	('00210125692', 'Wojtek', 'Zielinski', 1), 
	('00210160644', 'Karolina', 'Dąbrowski', 1), 
	('00210160989', 'Martyna', 'Piotrowska', 1), 
	('00210162714', 'Lechosław', 'Zielinski', 1), 
	('00210185980', 'Urszula', 'Kamińska', 1), 
	('00210223024', 'Lucyna', 'Jaworska', 1), 
	('00210224254', 'Henryk', 'Wysocki', 1), 
	('00210226355', 'Marceli', 'Kwiatkowski', 1), 
	('00210232132', 'Lubomir', 'Nowak', 1), 
	('00210233478', 'Amadeusz', 'Wieczorek', 1), 
	('00210241295', 'Marcin', 'Symanski', 1), 
	('00210247246', 'Bronisława', 'Pawłowska', 1), 
	('00210256460', 'Ludmita', 'Kucharska', 1), 
	('00210257355', 'Martyn', 'Gorski', 1), 
	('00210269879', 'Świętosław', 'Pawłowski', 1), 
	('00210276060', 'Anastazja', 'Czarnecka', 1), 
	('00210292154', 'Radzimierz', 'Adamczyk', 1), 
	('00210296936', 'Sylwester', 'Rutkowski', 1), 
	('00210308808', 'Władysława', 'Kamińska', 1), 
	('00210318368', 'Anka', 'Majewska', 1), 
	('00210325153', 'Ludwik', 'Maciejewski', 1), 
	('00210330892', 'Jędrzej', 'Pawlak', 1), 
	('00220754884', 'Wisia', 'Grabowska', 2), 
	('00220763886', 'Eligia', 'Nowicka', 2), 
	('00220764481', 'Wacława', 'Jasińska', 2), 
	('00220802730', 'Przemysł', 'Nowakowski', 2), 
	('00220824424', 'Dyta', 'Pawłowska', 2), 
	('00220840945', 'Jarosława', 'Symanska', 2), 
	('00220858861', 'Augustyna', 'Ostrowska', 2), 
	('00220862103', 'Seweryna', 'Tomaszewska', 2), 
	('00220876001', 'Rościsława', 'Maciejewska', 2), 
	('00220887647', 'Genowefa', 'Nowakowska', 2), 
	('00220909659', 'Sergiusz', 'Jasiński', 2), 
	('00220936952', 'Radzimierz', 'Maciejewski', 2), 
	('00220962391', 'Przemek', 'Rutkowski', 2), 
	('00220966975', 'Marik', 'Maciejewski', 2), 
	('00220969923', 'Izabella', 'Symanska', 2), 
	('00220987460', 'Jagoda', 'Kowalska', 2), 
	('00221005712', 'Bartłomiej', 'Piotrowski', 2), 
	('00221008814', 'Iwan', 'Wiśniewski', 2), 
	('00221026177', 'Krzyś', 'Wojciechowski', 2), 
	('00221044416', 'Gaweł', 'Pawlak', 2), 
	('00221062045', 'Gabrysia', 'Kwiatkowska', 2), 
	('00221074958', 'Przemysł', 'Woźniak', 2), 
	('00221077845', 'Julianna', 'Borkowska', 2), 
	('00221106918', 'Świętosław', 'Adamski', 2), 
	('00221114285', 'Tekla', 'Borkowska', 2), 
	('99010118966', 'Aniela', 'Kalinowska', 3), 
	('99010149171', 'Ziemowit', 'Nowak', 3), 
	('99010173105', 'Urszula', 'Kucharska', 3), 
	('99010189531', 'Narcyz', 'Król', 3), 
	('99010247138', 'Wojciech', 'Dudek', 3), 
	('99010255146', 'Adelajda', 'Majewska', 3), 
	('99010255931', 'Feliks', 'Kamiński', 3), 
	('99010294437', 'Jaropełk', 'Kozłowski', 3), 
	('99010296330', 'Izaak', 'Jaworski', 3), 
	('99010296965', 'Teodozja', 'Kowalczyk', 3), 
	('99010340770', 'Ziemowit', 'Kalinowski', 3), 
	('99010356021', 'Wojciecha', 'Olszewska', 3), 
	('99010356526', 'Marzena', 'Pawlak', 3), 
	('99010362174', 'Izaak', 'Borkowski', 3), 
	('99010367643', 'Krysia', 'Kamińska', 3), 
	('99010399439', 'Kajetan', 'Wieczorek', 3), 
	('99010406559', 'Radomił', 'Kalinowski', 3), 
	('99010427440', 'Dominika', 'Czerwinska', 3), 
	('99010430576', 'Tadzio', 'Kamiński', 3), 
	('99010440579', 'Julek', 'Zając', 3), 
	('99010441860', 'Karolina', 'Ostrowska', 3), 
	('99010463578', 'Janusz', 'Walczak', 3), 
	('99010497809', 'Katarzyna', 'Dudek', 3), 
	('99010583250', 'Andrzej', 'Zając', 3), 
	('99010589812', 'Stanisław', 'Piotrowski', 3), 
	('98010112406', 'Halina', 'Duda', 4), 
	('98010124173', 'Marik', 'Wojciechowski', 4), 
	('98010160904', 'Sylwia', 'Zawadzka', 4), 
	('98010166931', 'Tymon', 'Rutkowski', 4), 
	('98010170044', 'Bolesława', 'Pawlak', 4), 
	('98010187433', 'Amadeusz', 'Adamski', 4), 
	('98010195557', 'Maciej', 'Jabłoński', 4), 
	('98010214207', 'Agnieszka', 'Kalinowska', 4), 
	('98010237794', 'Metody', 'Zawadzki', 4), 
	('98010240004', 'Radomiła', 'Chmielewska', 4), 
	('98010249652', 'Włodek', 'Kucharski', 4), 
	('98010253956', 'Radomił', 'Wojciechowski', 4), 
	('98010256935', 'Iwo', 'Woźniak', 4), 
	('98010258968', 'Halina', 'Czerwinska', 4), 
	('98010262507', 'Izolda', 'Dudek', 4), 
	('98010279859', 'Marceli', 'Zawadzki', 4), 
	('98010320890', 'Iwan', 'Grabowski', 4), 
	('98010332895', 'Tadzio', 'Kucharski', 4), 
	('98010337722', 'Celina', 'Duda', 4), 
	('98010347978', 'Ludwik', 'Nowak', 4), 
	('98010358750', 'Sergiusz', 'Pawlak', 4), 
	('98010362788', 'Aniela', 'Borkowska', 4), 
	('98010380010', 'Zygfryd', 'Nowicki', 4), 
	('98010387710', 'Dobrosław', 'Grabowski', 4), 
	('98010391465', 'Julitta', 'Tomaszewska', 4), 
	('97010106035', 'Wit', 'Adamski', 5), 
	('97010132283', 'Gracja', 'Kowalczyk', 5), 
	('97010146211', 'Dobrosław', 'Symanski', 5), 
	('97010153778', 'Wiktor', 'Sobczak', 5), 
	('97010176678', 'Marcin', 'Adamski', 5), 
	('97010227619', 'Narcyz', 'Pawlak', 5), 
	('97010227879', 'Miron', 'Wysocki', 5), 
	('97010228016', 'Walenty', 'Kalinowski', 5), 
	('97010257762', 'Celestyna', 'Olszewska', 5), 
	('97010280177', 'Metody', 'Czarnecki', 5), 
	('97010294853', 'Szczeosny', 'Dudek', 5), 
	('97010312076', 'Dobrogost', 'Wojciechowski', 5), 
	('97010323650', 'Zygfryd', 'Majewski', 5), 
	('97010354698', 'Tadzio', 'Pawlak', 5), 
	('97010360727', 'Bronisława', 'Kalinowska', 5), 
	('97010380006', 'Klementyna', 'Dudek', 5), 
	('97010424733', 'Teofil', 'Zawadzki', 5), 
	('97010440889', 'Zdzisława', 'Duda', 5), 
	('97010459379', 'Maksym', 'Zając', 5), 
	('97010461374', 'Bazyli', 'Sawicki', 5), 
	('97010485985', 'Irenka', 'Kamińska', 5), 
	('97010518632', 'Donat', 'Kaczmarek', 5), 
	('97010523807', 'Zoja', 'Nowak', 5), 
	('97010527665', 'Kornelia', 'Walczak', 5), 
	('97010543452', 'Franciszek', 'Gorski', 5);